policy,mean_return,std_return,mean_final_engagement,mean_final_reports,intervention_rate,throttle_rate,benign_intervention_rate,toxic_strong_action_rate
Do Nothing,-106.7879142857143,74.46831239627896,175.47285714285715,170.26714285714286,0.0,0.0,0.0,0.0
Rule Policy,-75.52024328060249,20.502905967246218,137.34857142857143,130.04714285714286,0.10571428571428572,0.07142857142857142,0.0,1.0
Always Throttle,-32.745720705549225,8.16992546172828,8.312857142857142,2.3142857142857145,1.0,1.0,1.0,1.0
Learned Policy,-23.497335898598546,7.668627299070619,24.89857142857143,17.767142857142858,0.3676190476190476,0.3676190476190476,0.2802168021680217,1.0
